date and time,content,like count
2013-12-26 21:06:38+00:00,"@olajahr @TeslaMotors Ideally, the S should just hold position when it knows that's what you really want",18
2013-12-22 00:58:54+00:00,"@simonhackett Yes, definitely needs a huge amount of battery capacity. ~1/3 of energy produced during day must be stored",32
2013-12-21 18:05:27+00:00,This is why I think solar power will be the primary long term solution http://t.co/WNa12OVj5P,1042
2013-12-21 18:04:08+00:00,@arcaresenal true,10
2013-12-19 20:45:31+00:00,220 ft tall mobile crane to carry the rocket around in the vertical http://t.co/hgXnpEh8yU,324
2013-12-19 19:23:04+00:00,SolarCity launches Give Power Foundation http://t.co/Ag63gyLBRP,134
2013-12-10 16:32:57+00:00,Sock monkey of destruction! http://t.co/KqvXWDFmrr,123
2013-12-05 22:55:39+00:00,"Rest in peace, Nelson Mandela. A man both good and great.",659
2013-12-05 21:24:45+00:00,Should mention that the battery cells used for this are 200 Wh/kg vs 250 for Model S. No short term supply constraint.,85
2013-12-05 20:31:21+00:00,Solar power w batteries will be the primary (not exclusive) means of sustainable energy production http://t.co/rvXBzQXbsc,280
2013-12-04 00:30:55+00:00,"View of Earth from upper stage rear view camera at 8,000 miles http://t.co/V4tdMUA48X",1474
2013-12-03 23:04:03+00:00,"Reached parking orbit. Now coasting towards equator, where the upper stage will, if all goes well, restart to raise apogee",287
2013-12-03 22:15:55+00:00,Live video feed of launch at http://t.co/Oo569cuarz,178
2013-12-03 21:39:31+00:00,About an hour away from launch. I'd like to thank @SES_Satellites for taking a chance on @SpaceX. We've given it our all.,255
2013-12-03 18:34:57+00:00,@toruonu cool :),32
2013-12-03 16:34:56+00:00,@UFrugger10 I agree. Will be restored shortly.,6
2013-12-03 03:49:47+00:00,"@TierraUniversu It was fixed this weekend, so he should try the test again.",9
2013-12-03 03:48:51+00:00,"@TierraUniversu The writer of this article had a problem with his 12V battery, so main pack was constantly charging it.",9
2013-12-03 02:53:28+00:00,"@TierraUniversu Doesn't sound right. If it is, we certainly need to fix it. Investigating...",6
2013-12-02 22:26:37+00:00,"German govt reviews Tesla Model S fires. All due to high speed impacts, no injuries. Concludes: no defects, no recall http://t.co/24iZzOSL3B",420
2013-12-02 16:02:04+00:00,All known rocket anomalies resolved. Will spend another day rechecking to be sure. Launch attempt tmrw eve w Wed as backup.,200
2013-12-02 01:10:19+00:00,"The gas generator is a small rocket engine that powers the turbopump, which produces 7000 horsepower &amp; weighs 160 lbs",155
2013-12-02 01:00:40+00:00,Engines are cycling cleanly w ground pneumatics. Replaced gas generator on engine 9 (center) as a precautionary measure.,112
2013-11-30 15:28:37+00:00,"Abort was caused by oxygen in ground side TEA-TEB. Upper stage on separate internal circuit, so doesn't face same risk.",82
2013-11-30 14:59:41+00:00,"Rocket engines are healthy, but cleaning turbopump gas generators will take another day. Aiming for Mon eve launch.",202
2013-11-29 00:01:41+00:00,@WilliamShatner Will do. Probably at least a few days. Depends on whether we need to pull the turbopumps.,45
2013-11-28 23:53:36+00:00,We called manual abort. Better to be paranoid and wrong. Bringing rocket down to borescope engines ...,297
2013-11-28 23:40:09+00:00,"If launch aborts, we will bring the rocket down for engine inspection, so probably a few days before next attempt",133
2013-11-28 23:37:30+00:00,"Increasing helium spin start pressure. Probably &lt;50% chance of passing all aborts, but worth a try. Countdown resuming ...",97
2013-11-28 22:54:51+00:00,Launch aborted by autosequence due to slower than expected thrust ramp. Seems ok on closer inspection. Cycling countdown.,175
2013-11-28 22:27:55+00:00,Live stream of launch at http://t.co/Oo569cuarz,141
2013-11-28 22:24:12+00:00,15 mins to liftoff http://t.co/3jDrHRSPQZ,464
2013-11-28 09:19:42+00:00,"@lomac92 @WIRED No, almost all fuel/ox is being reserved for SES satellite to give max chance of success",5
2013-11-28 09:17:44+00:00,Model S Owner drives 3121 miles solo from Canada to Mexico http://t.co/8G8l1utgS2,264
2013-11-28 07:44:39+00:00,Good description of the launch by @WIRED: http://t.co/QnLhvviEAn,149
2013-11-28 05:01:16+00:00,Don't actually mean to knock Honda -- their cars are solid -- but the park outside (or yr house might burn down) advice was awesome,236
2013-11-28 04:38:23+00:00,"...but only if you like your house ""Honda recalls Fit for fire risk, says park it outside http://t.co/tLpZ7HBIdV """,173
2013-11-26 00:42:59+00:00,"Saw pressure fluctuations on Falcon boost stage liquid oxygen tank. Want to be super careful, so pushing launch to Thurs.",236
2013-11-24 23:34:54+00:00,At Disney World w kids for traditional prelaunch visit (first good flight was after riding Space Mountain),473
2013-11-23 02:28:26+00:00,Launch can be viewed live from Cape causeways or via http://t.co/soOCggCpN0 webcast around 5:30 local time on Monday,175
2013-11-23 02:01:33+00:00,@DarkSapiens Easier to make the plane change to equatorial orbit. Done in order to reduce satellite side delta V from 1800 m/s to 1500 m/s.,17
2013-11-23 01:45:48+00:00,"Will be toughest mission to date. Requires coast + upper stage restart + going to 80,000 km altitude (~1/4 way to moon).",214
2013-11-23 01:30:37+00:00,Headed to Cape Canaveral tomorrow for first @SpaceX geostationary satellite launch.,356
2013-11-21 19:17:05+00:00,Tesla Model S Consumer Reports customer satisfaction survey highest of any car on road at 99/100 http://t.co/PpuS01S2KN,396
2013-11-19 17:28:45+00:00,Tesla is also extending the Model S warranty to cover any fire damage even if due solely to a driver accident,505
2013-11-19 16:30:54+00:00,What makes this incredibly unjust is that the Model S to date has the best safety record of any car on the road (no injuries or deaths ever),517
2013-11-19 14:50:48+00:00,"Why does a Tesla fire w no injury get more media headlines than 100,000 gas car fires that kill 100s of people per year?",1791
2013-11-19 14:21:08+00:00,Mission of Tesla  http://t.co/UchbT5NZE3,402
2013-11-14 00:04:39+00:00,SuperDraco rocket engine fired at full thrust w a printed Inconel chamber. Used for Dragon escape &amp; landing http://t.co/HjWEayLlBN,486
2013-11-12 23:55:16+00:00,"In other news, George Clooney reports that his iPhone 1 had a bug back in '07",943
2013-11-10 01:28:29+00:00,Model S owner blogs about TN accident http://t.co/93Fz8WEwOU,343
2013-11-02 18:56:33+00:00,"Thanks Woz! ""@stevewoz: Here to pick up my new car! (at @TeslaMotors w/ 2 others)""",403
2013-10-30 14:47:29+00:00,Tesla West Coast Supercharger network now energized. Travel from Vancouver to Tijuana in styel! http://t.co/gTvV9egg3K,232
2013-10-26 21:52:37+00:00,Giant dog topiary in Bilbao http://t.co/kHdAMvOEMN,760
2013-10-04 20:02:35+00:00,About the Model S fire ... http://t.co/7LSBaNbnyd,539
2013-09-29 22:00:25+00:00,"@DebbieViviers @SpaceX Yes, upper stage venting of liquid oxygen created a fast moving fuzzy white sphere in space over SA",11
2013-09-29 20:13:57+00:00,"Between this flight &amp; Grasshopper tests, I think we now have all the pieces of the puzzle to bring the rocket back home.",441
2013-09-29 20:02:27+00:00,"Rocket booster relit twice (supersonic retro &amp; landing), but spun up due to aero torque, so fuel centrifuged &amp; we flamed out",155
2013-09-29 19:01:54+00:00,Launch was good. All satellites deployed at the targeted orbit insertion vectors. http://t.co/SUYMH7W9pH,780
2013-09-29 15:20:34+00:00,You can watch the launch at http://t.co/2ZSXeqWKvy http://t.co/u5VEUgRu8g,400
2013-09-29 15:15:23+00:00,"Looks good for a launch attempt today. Upper winds slightly exceed loads in high subsonic regime, but improving.",107
2013-09-27 02:32:44+00:00,Water ice on Mars http://t.co/fPz1OF7EXI,257
2013-09-25 16:15:33+00:00,"Falcon 9 launch window is Sunday and Monday, assuming good weather at Vandenberg Air Force Base",112
2013-09-25 16:12:35+00:00,Good progress harnessing that big fusion reactor in the sky http://t.co/MZR8sQRE5E,191
2013-09-20 02:12:58+00:00,Good Hyperloop feedback from Ansys. Am excited by how much it can be improved by open src contributions! http://t.co/bD0u3roBd0,262
2013-09-20 01:30:59+00:00,Completed rocket static fire with all systems green this time. Launch window opens in 10 days http://t.co/rKVBLIk6yq,170
2013-09-19 04:31:39+00:00,Falcon 9 at sunset http://t.co/CeXSwqjVHP,571
2013-09-19 01:16:55+00:00,Am happy to hear that GM plans to develop an affordable 200 mile range electric car. Right target. Hope others do same.,454
2013-09-18 22:33:52+00:00,Approach is 360 deg flush mounted tiny cameras + radar (prob not lidar). Lot of software &amp; hardware level image processing.,317
2013-09-18 22:11:25+00:00,"Engineers interested in working on autonomous driving, pls email autopilot@teslamotors.com. Team will report directly to me.",694
2013-09-15 09:14:35+00:00,"Will do another static fire of rocket to make sure all is good &amp; AF needs to test ICBMs, so probable launch Sept 29/30.",114
2013-09-13 06:04:52+00:00,"Full thrust achieved on 2 sec static fire. Some anomalies to be investigated, so launch date tbd.",151
2013-09-10 08:36:20+00:00,"Upcoming Falcon 9 demo has a lot of new technology, so the probability of failure is significant http://t.co/PfnGeEaaWq",125
2013-09-10 06:58:33+00:00,First of next gen Falcon 9 rockets rolls out to the launch pad at Vandenberg Air Force Base http://t.co/hNl6zKodvr,539
2013-09-10 06:28:56+00:00,"MT “@johnnyhotts: @WIRED Correction: Japan's levitating train hit 361 MPH
http://t.co/7jrMCf5tBc It will operate at 310”",28
2013-09-07 20:17:19+00:00,It is crazy that the proposed California high speed rail only goes 200 mph w avg speed of 130 mph when Japan is 300 mph+,454
2013-09-06 19:25:54+00:00,Video review of Model S vs. Aston Martin Rapide S by @Autocar http://t.co/14cLl20jMP,250
2013-09-05 21:48:50+00:00,SpaceX SuperDraco inconel rocket chamber w regen cooling jacket emerges from EOS 3D metal printer http://t.co/Tj284OuAk1,680
2013-09-05 21:17:14+00:00,Designing a rocket part w hand gestures &amp; then 3D printing it in a metal superalloy ... http://t.co/h3KoyAb0Lt,1048
2013-09-04 07:20:45+00:00,Was at Vandenberg today going over the upcoming next gen F9 rocket launch. Some tense days ahead http://t.co/bfXnFt7alm,320
2013-08-24 02:35:33+00:00,@Jon_Favreau Yup. We saw it in the movie and made it real. Good idea!,309
2013-08-23 22:15:00+00:00,Will post video next week of designing a rocket part with hand gestures &amp; then immediately printing it in titanium,968
2013-08-23 22:06:37+00:00,"And, uhh no (zillionth person who asked), I am not going to make an IM suit, however design by hand-manipulated hologram is actually useful.",314
2013-08-23 22:02:28+00:00,@brynmooser Reality is the best illusion,45
2013-08-23 21:58:50+00:00,We figured out how to design rocket parts just w hand movements through the air (seriously). Now need a high frame rate holograph generator.,701
2013-08-20 01:10:57+00:00,Model S achieves best safety rating of any car ever tested by US govt http://t.co/W1rZ5ceEVX,869
2013-08-16 19:56:11+00:00,"Same rocket flight, but this time with cows! http://t.co/qhF5JWzyCW",374
2013-08-14 07:17:12+00:00,"Latest rocket test flight: hard lateral deviation, stabilize &amp; hover, rapid descent back to pad http://t.co/Vb7ebiMdNJ",532
2013-08-12 21:04:54+00:00,"Btw, this is not the very latest version. Will post an updated version with several late arriving corrections in a few hours.",157
2013-08-12 20:51:24+00:00,Hyperloop Alpha at http://t.co/ZRTcT2b8bP and http://t.co/7cucKKprPB http://t.co/LYhuRxUntA,2340
2013-08-12 16:48:35+00:00,Pulled all nighter working on Hyperloop (as did others). Hopefully not too many mistakes. Will publish link at 1:30 PDT.,1137
2013-08-07 16:03:10+00:00,Hangout with @richardbranson &amp; me tomorrow at 9am California time http://t.co/0ELMam5wXq,189
2013-08-01 07:26:04+00:00,“@eirene_inc: “The universe is prob littered w/ the 1-planet graves of cultures which made the sensible economic http://t.co/Bp6592r9bH”,259
2013-07-28 02:47:17+00:00,"One of the first Tesla Supercharger stations in Europe is being built in Cinderella, Norway #KatieWoodencloak",302
2013-07-24 07:49:13+00:00,"Best saying ever “@temochdez: there is a saying in Mexico: ""El miedo no anda en burro"" meaning ""Fear doesn't ride on a donkey""”",293
2013-07-23 19:02:39+00:00,"Oh yeah, well Tesla will study a plan to study the GM team that's studying Tesla, so there! http://t.co/Gn41zsaRv8",694
2013-07-15 16:51:54+00:00,@John_Gardi your guess is the closest I've seen anyone guess so far. Pod diameter probably around 2m,33
2013-07-15 14:16:31+00:00,@schadlu I really hate patents unless critical to company survival. Will publish Hyperloop as open source.,232
2013-07-15 14:10:41+00:00,"@TobiasVdb Yes, it is a purely propulsive landing, but using the huge landing gear A frames as air brakes. Landing prop &lt; 5% of vehicle mass",9
2013-07-15 14:06:18+00:00,Will publish Hyperloop alpha design by Aug 12. Critical feedback for improvements would be much appreciated.,1228
2013-07-15 13:46:43+00:00,Just completed full mission duration firing of next gen Falcon 9 booster. V proud of the boost stage team for overcoming many tough issues.,151
2013-07-10 16:24:39+00:00,@BrianDunning @SpaceX New spacesuit almost done. Hoping to unveil by end of year.,37
2013-07-10 15:31:05+00:00,So true “@jlgolson: BitTorrent packet goes to a bar and asks for beer. Everyone in the bar who already has a beer gives him a sip.”,530
2013-07-09 20:54:48+00:00,UDP (yeah you know me) 3X,165
2013-07-09 19:56:49+00:00,"TCP packet walks into a bar &amp; says “I’d like a beer.” Barman replies “You’d like a beer?” “Yes,” replies TCP packet,“I’d like a beer.”",1222
2013-07-06 00:28:41+00:00,"Latest vertical landing rocket vid. 325M altitude, hold against wind, land w T/W&gt;1, radar in loop http://t.co/I68Xxpb1EQ",631
2013-07-02 18:47:25+00:00,"Woohoo, Tesla direct sales petition passed the 100k threshold! Thanks a lot to everyone that helped!!",423
2013-06-30 08:52:59+00:00,"Have been reading about Henry Fielding, who had the most excellent pen name of Captain Hercules Vinegar",83
2013-06-29 21:47:27+00:00,One learns something new every day “@UberFacts: A “Buttload” is an actual measurement of volume - Equal to 126 gallons.”,251
2013-06-28 19:02:54+00:00,@davidepley Thanks :),5
2013-06-28 19:02:18+00:00,"@lougil_ace Taking action. Will be a 7 day grace period for $2500 ext warranty. Neg margin at that price, so must unfortunately raise.",7
2013-06-28 17:26:01+00:00,Please support the White House petition to allow direct sales of cars to consumers in all states http://t.co/nHrH69MD3W,204
2013-06-25 17:40:03+00:00,"@arthurblake Turning recirc off, windows closed and the right film on rear glass usually works. Am asking HVAC engineering to investigate.",9
2013-06-25 15:56:19+00:00,@arthurblake Tesla service can do coating or can be done by any auto glass coating company. My car is done on side &amp; rear,7
2013-06-25 15:54:07+00:00,"@arthurblake Turn off AC recirc, so that cool air flows out thru rear vents &amp; get IR coating on rear glass.",6
2013-06-24 05:19:41+00:00,@justinchace will do,27
2013-06-21 16:34:23+00:00,"@LisaRoutel The NY auto dealers lost in court, so now they are funding a bill in NY legislature to block Tesla",6
2013-06-21 07:07:04+00:00,"Tesla pack swap vid still being edited (multiple camera angles). In meantime, this article contains a vid http://t.co/lyzJy4k8Eu",111
2013-06-20 07:30:26+00:00,Tomorrow night: fastest gas pump in LA vs Tesla battery pack swap http://t.co/QgZzggjIkq,319
2013-06-19 08:07:47+00:00,Partial recall of Model S http://t.co/uDZ1f3RnjV,88
2013-06-18 20:03:39+00:00,"Battery pack swap works with all Tesla Model S cars, past and present. It was always there.",160
2013-06-18 14:57:29+00:00,"@zatulsky Shai actually got the idea from a visit to Tesla. The idea is obvious (many things allow battery swap), but the technology is not.",20
2013-06-18 07:46:24+00:00,"Video of battery pack swap will be posted to the Tesla website around 9:30pm, so those attending will see this first.",70
2013-06-18 07:42:29+00:00,Live pack swap demo on Thurs night at 8pm California time at our design studio in Hawthorne. Seeing is believing.,111
2013-06-12 15:31:23+00:00,Battery storage of solar power needed for night operation &amp; to buffer grid during day. Beta projects are going well.,105
2013-06-12 06:37:44+00:00,"A long way to go before most power generation is solar, but the second derivative bodes well http://t.co/Af1c9xmyjn",136
2013-06-10 08:57:16+00:00,1st long duration firing of the new generation Falcon 9 rocket ~1.5 million pounds of vac thrust http://t.co/iGZadNVF7w,151
2013-06-08 19:15:21+00:00,@mcrsqr True,14
2013-06-08 19:05:21+00:00,We need more women in aerospace like Gwynne!  http://t.co/bTl7t5nWZx,196
2013-06-06 15:27:35+00:00,Easier said than done. There is a lot of pressure from investors. It is hard not to feel super bad if u don't make ur qtr.,266
2013-06-06 15:22:54+00:00,"Mars requires developing complex technology over a decade+, but market cares about next 3 months. Result would be conflicting priorities.",251
2013-06-06 15:12:24+00:00,@SQMInc I don't have a publicist,32
2013-06-05 02:35:23+00:00,"Forgot to say one thing at Tesla annual shareholders meeting: just as my money was the first in, it will be the last out.",7947
2013-06-03 07:53:19+00:00,Vac thrust of 700 tons means avg of 14 tons/floor of structural steel for a 50 story building.,39
2013-06-03 06:29:22+00:00,@williamricci6 50% higher. ~1.3 M lbs sea level and ~1.5 M lbs vacuum thrust. Will be 60% higher with some tweaks.,13
2013-06-03 04:06:33+00:00,"1st firing of Falcon 9-R advanced prototype rocket. Over 1M lbs thrust, enough to lift skyscraper http://t.co/AUCsWTw77E",703
2013-05-30 18:47:47+00:00,Huge expansion of Tesla Supercharger network underway. Will cover LA to NY by end of year http://t.co/MFKjBJzklc,252
2013-05-30 09:54:40+00:00,Bloomberg TV features debate of @AndreaSJames vs some guy picking his nose http://t.co/n5Iu91Wu1r,87
2013-05-26 21:35:17+00:00,"@RobertGaristo V much agree. Moreover, there is risk of severe non-linearities in feedback loops causing sudden warming.",7
2013-05-26 03:58:35+00:00,You Can Fit A Lot Of Kindergartners In A Tesla Model S - Houston Chronicle http://t.co/iOZPxrx3sa,84
2013-05-25 21:14:55+00:00,"Am thinking of doing a movie ""sequel"" of sorts to Thank You for Smoking. That was bad CO2 for indiv, this for the planet",221
2013-05-25 21:01:04+00:00,Worth reading Merchants of Doubt. Same who tried to deny smoking deaths r denying climate change http://t.co/C6H8HrzS8X,168
2013-05-25 20:39:58+00:00,"Yeah, climate change should really be considered a centrist issue, as it affects everyone.",338
2013-05-25 20:25:29+00:00,"Am not suggesting shutting down CO2 production, but rather to price in environmental cost &amp; shift to sustainable energy",89
2013-05-25 20:01:39+00:00,"Even if the answer is only on the order of 1%, we should still take immediate action, as there is only one atmosphere.",78
2013-05-25 19:59:59+00:00,Right question to ask Dyson or others: what is probability that human actions could cause catastrophic climate change?,37
2013-05-25 19:58:08+00:00,What most serious scientists have a problem with is the notion of certainty about *any* subject. That is not the point.,48
2013-05-25 18:53:03+00:00,@kn0xvi11ain Very few. Scientific consensus at time of Columbus was world was round http://t.co/V3XIcob4s8,11
2013-05-25 18:28:03+00:00,"Sorry for all the heavy stuff abt climate change, but I really thought world wd take action sooner. No time for subtlety",175
2013-05-25 18:21:59+00:00,@1stHubbleFan @keithwarren Exactly,7
2013-05-25 18:15:55+00:00,"In reality, 97% of scientists agree that we face serious human generated climate change http://t.co/soQCnJB61B",161
2013-05-25 18:08:54+00:00,"Climate change deniers claim ""scientists disagree"", same rebuttal used by tobacco industry about lung cancer for decades",172
2013-05-25 07:45:32+00:00,"Good article on ""Climate Change"" vs ""Global Warming"" referred by @ForrestTanaka http://t.co/D1s4RJ0qus",129
2013-05-25 03:32:45+00:00,"Was beat up pretty badly as a kid &amp; left me w jagged septum. Harder to breathe as I got older, so time to fix.",132
2013-05-25 03:09:28+00:00,"Had a minor operation, so am in bed in meds. Probably shouldn't be tweeting :)",144
2013-05-25 02:43:11+00:00,@CosmicRami Awesome. We really need to promote that fact in the US. A CO2 tax will not cause economy to grind to a halt!,16
2013-05-25 02:22:21+00:00,"Would love to do a pickup truck. Something w ultra low cg for sports car handling, dynamic air suspension &amp; mega torque.",309
2013-05-25 02:12:31+00:00,"Technically, I ""got rich"" from Zip2 &amp; PayPal w zero govt anything, then put 100% of that into SpaceX, Tesla &amp; SolarCity.",352
2013-05-25 02:03:13+00:00,"If consumption is low, then the tax is proportionately low. We should prob not have tax on basic foods &amp; critical meds.",88
2013-05-25 01:54:24+00:00,"@ponder68 Carbon produced by a @SpaceX rocket flight is roughly equal to one 747 flight. No, we should not be exempt.",15
2013-05-25 01:52:15+00:00,"Net of gas savings, a Tesla is $550 to $600/month with down payment taken care of by tax credits. Maybe less costly then it first seems.",84
2013-05-25 01:45:48+00:00,"Yes, am arguing against subsidies and in favor of a tax on the end bad created. Market will then achieve best solution.",68
2013-05-25 01:41:56+00:00,"Trees are net consumers of CO2, so technically we would pay them money :)",83
2013-05-25 01:39:02+00:00,Exactly. Seems crazy to risk the CO2 chemical experiment when we have to find another solution anyway.,150
2013-05-25 01:34:20+00:00,Big difference between taxing people and taxing purchases (ie consumption). Much better to emphasize the latter.,75
2013-05-25 01:29:55+00:00,@MaxMBerger The collective wisdom of the market is usually (not always) better than the smartest govt regulator.,13
2013-05-25 01:25:57+00:00,"Me &amp; other private money funded Tesla for first 7 years, got IPO+ govt money for 3, now paid back. Yes, carbon tax would be a better way.",93
2013-05-25 01:22:04+00:00,"@grayj_ There should be a constitutional amendment to redo the tax code every ten years, just like we do a census.",29
2013-05-25 01:16:08+00:00,"Weight of scientific evidence. Taxes don't ban a purchase, they just increase cost. Am against bans, except in extreme cases.",33
2013-05-25 01:10:57+00:00,"Exactly. Better to tax known bad thing and incent desired outcome, instead of subsidizing particular solution paths. Let market decide.",79
2013-05-25 01:05:25+00:00,"Perhaps. I am in favor of fair, simple taxes that are neutral on most things, incent good &amp; disincent bad.",57
2013-05-25 01:01:06+00:00,"Great article on Tesla-dealer battle by Leilani Munter (@CarbonFreeGirl), who lives in NC http://t.co/pvEmE5pEVN",88
2013-05-24 12:32:04+00:00,@VarunG_ Belief in climate change isn't necessary. Even a small probability of a severe outcome justifies a carbon tax.,13
2013-05-24 10:54:22+00:00,@karlbrauer Making rockets,64
2013-05-24 07:04:59+00:00,@tonykatz Don't like having a zillion tweets in the log. Makes it tough to wade through if someone wants to read my tweet history.,9
2013-05-24 05:02:38+00:00,"@SapientCapital We created electric cars to help solve the problem, not because we thought it was easy money. Still isn't.",28
2013-05-24 04:46:25+00:00,"And, since we will run out of oil anyway, why risk the future of all life on Earth simply to delay sustainable energy?",283
2013-05-24 04:38:23+00:00,Those who would deny climate change should ask themselves what happens if they are wrong http://t.co/S7fOIrly6B,193
2013-05-23 15:42:02+00:00,"More importantly, @Chrysler failed to pay back $1.3B. Apart those 2 points, you were totally 1st http://t.co/0P2ZLDl67a",168
2013-05-23 15:36:20+00:00,"As many have already noted, @Chrysler is a division of Fiat, an Italian company. We specifically said first *US* company.",127
2013-05-23 09:55:03+00:00,Interview with @BloombergNews about Tesla and DOE loan gets into some of the details http://t.co/xb0JVoPHNC,82
2013-05-22 21:45:55+00:00,Tesla wired the funds to repay the DOE loan today. Only US car company to have fully repaid govt http://t.co/jxHW9YkvPz,682
2013-05-20 21:50:31+00:00,@Gizmoman0 Physics,23
2013-05-20 21:45:10+00:00,@yes_andre I'm a big fan of ultracapacitors. Was going to do my PhD at Stanford on them. But we need a breakthrough in energy density...,123
2013-05-19 17:02:33+00:00,@McBartVolgers @SpaceX High pressure helium pneumatic bolts and pistons. No explosives.,23
2013-05-19 01:49:07+00:00,"@xyrth Cool, will get one plus another chicken",13
2013-05-18 23:46:47+00:00,@TalulahRiley You're welcome. It did seem like the chicken of destiny xx,12
2013-05-18 23:44:07+00:00,Petting zoo left a chicken behind at the park. Now we have a pet chicken.,288
2013-05-15 09:06:42+00:00,@DanaBrunetti Soon Model S will feature druidic dwarves dancing around a miniature stone henge,45
2013-05-14 20:29:38+00:00,"@DanaBrunetti Well, you see, by making it go to 11, that makes it louder than loud :)",37
2013-05-14 18:21:36+00:00,Supercharger announcement pushed to next week. Something else this week.,72
2013-05-13 20:01:08+00:00,"@bryanclarke physics + a broad range of engineering. Worth taking humanities courses too, particularly history.",55
2013-05-13 19:33:46+00:00,"@vicorly Yes, usually several times more energy over the course of the year than is needed by the Model S",9
2013-05-13 19:32:38+00:00,@malkosh we do,5
2013-05-13 19:31:56+00:00,"@itsokayyouknow Harder than that, but it is a software vs hardware change",5
2013-05-13 19:19:34+00:00,"Btw, vast majority of credit for SolarCity should go to Lyndon &amp; Peter Rive &amp; their awesome team. I'm just a small part.",61
2013-05-12 02:52:50+00:00,@SeanChin @RaimisJ Over the air upgrade coming in a few months to allow tethering (and other things).,10
2013-05-12 00:55:39+00:00,@annabananastand It can do hands free right now. Being able to text people via voice while driving would be a good feature to add...,13
2013-05-12 00:53:04+00:00,"@enggirl Mostly water or coffee at home. When I'm out, will have Macallan neat or vodka with something.",15
2013-05-12 00:45:39+00:00,@danielmarshal15 It can dig up almost anything.,6
2013-05-12 00:44:53+00:00,"@JasonPolstein Yeah, we don't do a good job of telling people about this feature. Requires hardware unfortunately.",5
2013-05-12 00:43:46+00:00,"@grimmerkimmer @dpinsen Given the extreme burn, shorts are pushing every possible fear, uncertainty &amp; doubt story http://t.co/LWr3GODxBG",142
2013-05-12 00:32:04+00:00,"@RaimisJ Tesla software knits together Google Voice, Slacker, Gracenote &amp; others and streams over 3G (will be LTE later)",20
2013-05-12 00:22:33+00:00,"@dpinsen People tell me Cory Johnson is a shill for the shorts. Don't know if true, but he sure behaves that way.",19
2013-05-12 00:12:55+00:00,"Would also recommend the Cheese Shop, Spam or Fish License by Monty Python.",68
2013-05-12 00:09:58+00:00,"Hold down voice button &amp; say ""Play Amish Paradise by Weird Al Yankovic"". Model S can play almost any song via Internet.",423
2013-05-09 15:26:09+00:00,@realbhuwan Don't forget the mystery announcement. Part 5 of the trilogy.,16
2013-05-09 15:24:30+00:00,There is a way for the Tesla Model S to be recharged throughout the country faster than you could fill a gas tank.,376
2013-05-09 00:58:49+00:00,@HowardReiter Totally agree. Tesla will circle back and do something cool for Roadsters next year.,145
2013-05-09 00:16:25+00:00,@mjasandoval Stay tuned,6
2013-05-08 23:54:46+00:00,"Just want to say thanks to customers &amp; investors that took a chance on Tesla through the long, dark night. We wouldn't be here without you.",2749
2013-05-08 23:06:16+00:00,@westcoastbill Thanks Bill!,13
2013-05-07 15:47:20+00:00,"Am a fan of Larry, Sergey &amp; Google in general, but self-driving cars comments to Bloomberg were just off-the-cuff. No big announcement here",55
2013-05-07 15:42:59+00:00,"Tesla priority is electrification of cars, so priority is Model S, Model X, then mass market third gen vehicle &amp; truck",188
2013-05-07 15:40:49+00:00,@rebel_sal exactly,11
2013-05-07 15:37:20+00:00,"Creating an autopilot for cars at Tesla is an important, but not yet top priority. Still a few years from production.",138
2013-05-07 15:28:47+00:00,@DJFrustration Tested it myself this weekend and was working well. Some songs have licensing prohibiting direct request.,4
2013-05-06 19:28:02+00:00,"Anyone interested in doing ultra hardcore vehicle engineering at Tesla, please apply!",157
2013-05-06 19:25:28+00:00,Chris Porritt from Aston Martin just joined as head of vehicle engineering at Tesla http://t.co/MNUIWDxoXt,97
2013-05-06 19:13:07+00:00,"@bdcs Yup, it is super far. Moon is basically in our back yard relative to Mars.",6
2013-05-05 16:27:53+00:00,"@nirdthebird Definitely a lot of potential for geothermal, but depends on well depth. Too expensive in most places.",6
2013-05-05 03:20:17+00:00,"@DetlefKroeze Yeah, that probably makes sense.",5
2013-05-05 02:51:06+00:00,@DouglasBullard @teslamotors Most people have never heard of Nikola Tesla. That will hopefully change over time.,87
2013-05-05 02:21:47+00:00,"@flyguynscc @teslamotors yes, that has been the goal from the beginning",5
2013-05-04 15:38:53+00:00,"@fink_justin It can definitely strain relationships, but I loved doing my first company with my brother",49
2013-05-04 06:38:21+00:00,"@WehbyJammin Earnings call next week, then Supercharger week after and then... the mystery announcement/demonstration :)",12
2013-05-04 06:37:16+00:00,@TeslaTrip you're welcome :),9
2013-05-03 20:55:52+00:00,@thebradholt we need a compelling video that convinces TX lawmakers to pass the direct sales law just approved by their committee.,8
2013-05-03 20:53:08+00:00,@Rocco_TheStreet Guaranteeing the world's best resale value in industry is unprecedented and backed up my other assets. Why isn't that good?,9
2013-05-03 20:47:24+00:00,"@ChrisCowan_  Chris is great. Took a long time for me to find someone w truly hardcore engineering skills, who fully understood the system.",7
2013-05-03 19:28:10+00:00,Am getting lots of questions about the big Supercharger announcement. Aiming to do that the week after next.,59
2013-05-03 19:06:04+00:00,"@stoneymonster Yes, this does put an indirect floor on resale value. Should help all owners.",4
2013-05-03 18:55:36+00:00,@yatpay Side boosters fall short &amp; center core goes too far + Florida is heavily populated. Landing permission tricky :),9
2013-05-03 18:52:58+00:00,"@pataneous We can't formally provide a guarantee w/o restating accounting, but I feel confident about the value anyway.",7
2013-05-03 18:50:54+00:00,"@2552nsf Yeah, that is super tricky. Will have to sacrifice a lot of payload to boost back or land on ocean platform.",6
2013-05-03 18:24:48+00:00,"@rebel_sal Yes, your article (and many others) rightly identified that we made a mistake. New financing is not perfect, but much better.",4
2013-05-03 16:55:22+00:00,"@Alan_Nestos The legs are nested tight against the body of the rocket in flight, so rotate about 120 degrees to deploy",14
2013-05-03 08:43:12+00:00,@darma_setia More likely that pigs will fly over the frozen wastes of Hell. Clarkson doesn't understand technology.,30
2013-05-03 08:41:24+00:00,@JSONberland We did a ton of testing until they could handle 4X legally required impact energy. Extremely tough.,5
2013-05-02 20:19:40+00:00,@BigBalli High pressure helium. Needs to be ultra light. All 4 legs together (~60 ft span) weigh less than Model S.,26
2013-05-02 20:17:29+00:00,"F9R (pronounced F-niner) shows a little leg. Design is a nested, telescoping piston w A frame. http://t.co/H49TSS2CYl",198
2013-05-02 18:01:42+00:00,@roulezelectric This is about getting a prior announcement right. Not part 4 yet.,8
2013-05-02 17:54:50+00:00,Time to up the ante (and fix some mistakes). Tesla announcement tomorrow.,101
2013-05-02 01:12:05+00:00,"@astrostephenson We're aiming for late 2015, but NASA needs to have overlapping capability to be safe. Would do the same",19
2013-05-02 01:08:07+00:00,@MelissaMontoyaO Anne's role is launch site engineering. Don't think she has anything against media -- just not her role.,6
2013-05-01 17:44:55+00:00,@realbhuwan @teslamotors Cool :),7
2013-05-01 17:03:29+00:00,@rebel_sal Just read it. Good piece.,7
2013-05-01 16:35:59+00:00,@RealTomLangel Maybe a v long time from now. Paying div is a sign that a company cannot find good ways to spend money.,11
2013-05-01 16:32:49+00:00,"@wfww Our software is requesting the right song, but Slacker has a bug in their code. Supposed to be fixed by tomorrow.",7
2013-05-01 16:30:23+00:00,@eirene_inc @sciam Interesting piece,5
2013-04-30 21:01:22+00:00,Auto Dealer Sterling McCall makes the case for Tesla direct sales in Texas http://t.co/JcHETe0d2l,41
2013-04-30 00:18:26+00:00,Congrats to @VirginGalactic and @RichardBranson on supersonic test flight!,176
2013-04-28 05:54:33+00:00,First test of the Falcon 9-R (reusable) ignition system. Not long now before the hold down fire http://t.co/5r5nJWaNrI,336
2013-04-26 01:25:30+00:00,"@tcmeggs Am for good public transit in LA, but the pace of that construction makes the 405 look fast.",7
2013-04-26 01:21:08+00:00,@tcmeggs This argument is a bit silly. A city will not grow to infinite size just because there isn't traffic.,11
2013-04-25 18:46:28+00:00,"@NycomWireless @TeslaMotors Cool, thanks for buying our car!",8
2013-04-25 18:45:45+00:00,"@Tapp697 Thanks, important clarification. Tesla announcements are always about making product experience better. Market follows eventually.",12
2013-04-25 15:54:47+00:00,Announcement of new @TeslaMotors strategy tomorrow. Tesla owners will like this.,109
2013-04-25 15:46:15+00:00,@wheelseditor Cool. Just read and watched!,8
2013-04-25 15:39:25+00:00,Seems to be some stormy weather over in Shortville these days,555
2013-04-24 03:35:05+00:00,@Rocketrichardp @ct_la Exactly. DMV Comm overruled good recommendation of Hearing Officer.,6
2013-04-24 02:16:21+00:00,@Trekker56 @TeslaMotors Please contact DMV Commissioner and Governor. This is not good for the people of Virginia.,8
2013-04-23 22:42:03+00:00,"Not all good news. Virginia DMV Commissioner just denied Tesla a dealer license, despite Hearing Officer being in favor.",24
2013-04-23 15:52:51+00:00,@In_Sight_Full @juliewestfall we have great neighbors!,8
2013-04-23 08:35:43+00:00,@TheMilns Try this: http://t.co/UVhBE2uMli,5
2013-04-23 03:07:30+00:00,Wringing water out of a towel in zero g is way trippy http://t.co/UFLI0MM6Kv via @youtube,208
2013-04-23 02:16:50+00:00,@clprenz evolving,5
2013-04-23 02:16:31+00:00,@kirkburgess yes,12
2013-04-23 01:36:48+00:00,@justinchace Good idea!,7
2013-04-23 01:00:16+00:00,"Grasshopper rocket flies up 250m, holds against wind and lands. Vid taken from our hexacopter http://t.co/LXmMCYDD0e",423
2013-04-22 02:07:10+00:00,@dbhyslop Will post a video of the latest Grasshopper flight tomorrow (taken from the camera on our new hexacopter).,9
2013-04-22 01:57:59+00:00,Now with actual picture :) http://t.co/G6PCiAJmtx,623
2013-04-22 01:56:24+00:00,Cool picture of Io crossing Jupiter sent to me by @shervin. Would be amazing to visit in person one day.,67
2013-04-21 23:42:21+00:00,Congratulations to @OrbitalSciences! “@CNETNews: Orbital's Antares rocket makes successful test flight http://t.co/y7bwdDMGCi”,69
2013-04-18 22:23:23+00:00,@eirene_inc @archforhumanity @AFHDisasterTeam We have a lot of heavy lifting equipment. Will ask my team to send it over.,17
2013-04-18 20:57:20+00:00,"Heart goes out to people of central Texas, home of SpaceX TX. All resources at disposal to help in any way.",130
2013-04-17 17:30:26+00:00,A @WhiteHouse petition to allow direct sales of cars by manufacturers: https://t.co/7h6m89mQmh Please vote here too!,93
2013-04-17 05:05:09+00:00,"If you live in Texas and are pro Tesla, please vote in the @MyABJ opinion poll! http://t.co/ozPdw6UzUo",43
2013-04-13 02:58:20+00:00,"Interesting... ""Putin unveils $50B drive for Russian space supremacy http://t.co/aK1vYGlYhl"" via @physorg_com",142
2013-04-11 18:30:31+00:00,@batasrki Stay tuned for a big Supercharger announcement in a few weeks. Definitely have you covered.,31
2013-04-11 18:05:43+00:00,"New York judge states: ""... dealers cannot utilize the Franchised Dealer Act as a means to sue their competitors"". Exactly!",93
2013-04-11 18:03:27+00:00,"New York judge just ruled in favor Tesla, dismissing the legal attack by auto dealers to prevent direct sales!",320
2013-04-11 02:11:40+00:00,Yay for democracy! @latimes asks: Should Tesla Motors be able to sell directly to consumers? http://t.co/IhSNht6bgx,83
2013-04-11 01:43:52+00:00,"@twittelator Yup, you're right",7
2013-04-10 14:07:49+00:00,Just wanted to say thanks to everyone for testifying yesterday in Austin. Will hang around after press conf to thank people in person.,44
2013-04-10 13:56:37+00:00,"@derrickgott007 already partly here with rocket development, but will make it a lot bigger with the launch site",50
2013-04-09 19:43:37+00:00,Just had Texas BBQ for lunch in Capitol Building. About to head to House Committee hearing to advocate for Tesla in TX.,101
2013-04-09 14:56:56+00:00,In TX to make the case for allowing Tesla to sell cars. Pls come to Capitol Room E2.014 at 1:30! http://t.co/WR3WXE8SFe,47
2013-04-09 01:51:06+00:00,Which leads me to my next subject of gun control ... just kidding,197
2013-04-09 01:44:29+00:00,No more political comments for me now that I've shot off both my feet.,32468
2013-04-09 01:11:04+00:00,"At the risk of losing more ""cool points"", I like Reagan too! However, I also like Obama, Clinton &amp; JFK. Good people on both sides...",226
2013-04-09 01:01:00+00:00,"@ticeestes Am not trying to accumulate cool points. She was far from perfect, but her actions, on balance, were good.",22
2013-04-09 00:54:22+00:00,"@richardmatthias Her later years are debatable, but her early years are not imo. Britain went from dreary to Great again.",19
2013-04-09 00:43:28+00:00,"Always admired Margaret Thatcher -- she was tough, but sensible &amp; fair, much like my English Nana http://t.co/KcXsZGk7fw",150
2013-04-08 23:48:26+00:00,@ryanjoyce88 We went through literally hundreds of variants of red trying to find something original that didn't suck.,129
2013-04-08 23:47:09+00:00,"@quietlybear Do all the intro courses for mech, EE, aero and physics, then specialize in the one you like most.",161
2013-04-08 23:41:56+00:00,New Tesla red going down assembly line for the first time. We spent a lot of time on this color! http://t.co/e7twjazWPx,1426
2013-04-08 19:22:02+00:00,"Sarah Palin calls Tesla a loser. Am deeply wounded. http://t.co/eOGT80Ut4L  Btw, Model S warranty does cover ""bricking"".",181
2013-04-03 03:33:50+00:00,@DreWeathers Exactly,7
2013-04-03 00:04:53+00:00,Great explanation of the @TeslaMotors announcement by @TechCrunch http://t.co/rTHX6LofOE,91
2013-04-02 22:55:38+00:00,"@sightalignment Hoping to open the Century City Tesla store this month. It is my neighborhood mall, so I'm there all the time.",6
2013-04-02 22:54:06+00:00,@fleijerstam @gronnbilnorge We are working hard to make that happen!,4
2013-04-02 18:36:05+00:00,@BjarteReve Should be late 2014 for US and early 2015 for Europe.,32
2013-04-02 18:25:02+00:00,@BjarteReve July!,35
2013-04-02 17:49:11+00:00,Am headed to TX next week to thank people personally for supporting Tesla. Please head to SB 1659 @ 8am tomorrow #TeslaTX,45
2013-04-02 16:19:41+00:00,Certainly true that many people believe that Tesla and SpaceX are powered by the #hhgttg Infinite Improbability Drive :),118
2013-04-02 16:11:45+00:00,Today's Tesla announcement is actually the 2nd in a 5 part trilogy (love Douglas Adams),78
2013-04-02 00:53:24+00:00,@mpauldine You never know ...,5
2013-04-01 20:44:22+00:00,@stopman Thanks Michael. Beauty of over the air software updates is that the product keeps improving even after you buy it.,18
2013-04-01 20:19:54+00:00,@jeremys Thanks Jeremy! Good seeing you in LA. Awesome job with Yelp!,9
2013-04-01 05:00:35+00:00,"To be clear, Tesla is in California, so it is not April Fool's yet! Also, some may differ, but imo the Tues news is arguably more important.",62
2013-04-01 04:51:03+00:00,First profitable Q for Tesla thanks to awesome customers &amp; hard work by a super dedicated team http://t.co/njumz2SDmx,289
2013-03-31 18:53:37+00:00,About to do chocolate egg hunt with all the kids. Candy bonanza! Happy Easter!,104
2013-03-31 00:54:44+00:00,"Thanks Bob “@BobMetcalfe: Tesla Takes on TX Dealer's Association (MA too) - Repeal anti-competitive dealer laws - http://t.co/qbbBkGkvzC""",19
2013-03-30 22:07:04+00:00,"Sorry, correct link is: http://t.co/yBRQRUKmAE",31
2013-03-30 21:59:48+00:00,"If you support Tesla in Texas, please contact your state Senate or House member. Free enterprise! http://t.co/BoaveKd4NZ",65
2013-03-30 21:53:03+00:00,Auto dealers in Texas are trying to stop Tesla. Would appreciate your help in fighting for what's right http://t.co/5T4pH7u5fX,90
2013-03-29 15:51:38+00:00,Rocket fairing almost ready for deployment test in vacuum chamber. Man lift on right for scale http://t.co/BLOTThWFvw,230
2013-03-29 15:36:07+00:00,Can't make this stuff up: “@ErneX: hah and that's the name of a fire extinguisher https://t.co/0y4QzzlLkw”,16
2013-03-29 15:27:30+00:00,A123 battery company renames itself B456 after bankruptcy (really).,114
2013-03-26 16:59:55+00:00,Recovery ship has secured Dragon. Powering down all secondary systems. Cargo looks A ok.,97
2013-03-26 16:31:55+00:00,Telemetry says main parachutes deployed ... now visually confirmed,44
2013-03-26 16:30:49+00:00,Recovery ship just heard the sonic booms from Dragon reentry and has data transmission lock.,43
2013-03-26 16:22:14+00:00,Dragon deorbit burn was good. All thrusters operating. On target for splashdown.,55
2013-03-26 07:08:08+00:00,"Future will indeed be rooftop solar + battery pack, w utility company just providing backup power 
http://t.co/1PlB3xn0Cz",208
2013-03-26 01:20:23+00:00,Slight change of date to ensure no end of quarter distractions -- will be Tues next week.,32
2013-03-25 18:48:30+00:00,Really exciting @TeslaMotors announcement coming on Thursday. Am going to put my money where my mouth is in v major way.,354
2013-03-25 16:44:29+00:00,"There's crazy, there's batsh*t crazy, then there's North Korea crazy... http://t.co/etJmNZqVD1",103
2013-03-24 04:59:44+00:00,@MichaelLindahl It will be slightly smaller w fewer features as std. Think Audi A4 or BMW 3 vs Model S being S7 or M5,11
2013-03-24 04:57:40+00:00,@DeanJFalkenberg yep,7
2013-03-23 23:41:56+00:00,@Nezheim @jbmeicher sure :),5
2013-03-23 22:26:34+00:00,.@jbmeicher Model S works great in cold. Highest sales/capita are in Norway and we have a ton of customers in Canada.,24
2013-03-23 22:15:45+00:00,"But when considering savings of gas v electricity, true cost vs gas cars is more like $25k for a v sweet ride",34
2013-03-23 22:13:40+00:00,.@benmacy $30k in 2013 $ (ie + inflation) w 200+ mile range w some really cool tech that we can't talk about yet.,79
2013-03-23 22:00:39+00:00,".@joshj777 It has always been my dream to produce a low cost, compelling electric car. We are 3 to 4 years away. Wish it could be sooner.",88
2013-03-23 21:12:48+00:00,@malkosh was this in a test drive car (those are all about to be upgraded) or a current customer car?,5
2013-03-23 21:00:44+00:00,Review of Tesla Model S by @RoadandTrack. Good article w minor errors addressed in reader comments http://t.co/qfQDWL96wQ,86
2013-03-23 00:26:25+00:00,"When Shoemaker-Levy comet hit Jupiter in 94, it made an Earth size hole. We wd be super dead if it actually hit Earth http://t.co/b6IyuLoHIo",85
2013-03-23 00:04:01+00:00,Probably true imo “@bbcscitech: Dinosaur-killing rock 'was a comet' http://t.co/wZhjXrl9NV”,20
2013-03-20 06:30:09+00:00,"My talk at TED with @TEDchris 
http://t.co/SNOvzWdR0u",410
2013-03-20 01:00:37+00:00,"@Anthropic Yeah, Plum Brook Space Power Facility @NASA Glenn Research Center. Help from the Glenn team much appreciated.",13
2013-03-20 00:53:40+00:00,Testing separation of F9 rocket fairing (can hold a city bus) in world's largest vacuum chamber http://t.co/2zkLi4ON0s,258
2013-03-19 03:03:05+00:00,Sharing a metaphysical milkshake with @RainnWilson http://t.co/XPJ0OkGhmX,153
2013-03-17 18:32:54+00:00,"@JBSiegelMD Cool, I'm glad you like it!",6
2013-03-17 18:20:24+00:00,Craig Venter talks about flu vaccines and the Tesla Model S. Gesundheit! http://t.co/nt2etVUjDq,46
2013-03-10 00:39:02+00:00,Using Über to order a Tesla Model S @SXSW with @shervin and @travisk http://t.co/69H47lMjBw,290
2013-03-09 22:28:52+00:00,The Johnny Cash hover slam!  http://t.co/9jXiKoo9D1,217
2013-03-09 19:55:35+00:00,Will show Johnny Cash hover slam rocket video for the first time in about 15 mins. Test footage only 36 hrs old. #SXSW,51
2013-03-08 17:27:21+00:00,Check out Model S at Tesla Austin Gallery at The Domain opening today! I will stop by this eve and tomorrow morning.,39
2013-03-08 15:38:34+00:00,@sdvillella nice pic!,12
2013-03-08 15:26:49+00:00,@RebeccaJarvis Not yet. I look forward to giving that a try.,11
2013-03-08 15:20:02+00:00,Random trivia: my grandfather &amp; great grandfather were both born in Minnesota. I was named after my GGF.,71
2013-03-08 15:16:35+00:00,Minnesota auto dealers tried to pass legislation to block Tesla stores. Bill was just defeated in Senate. Thanks MN!,122
2013-03-08 14:44:48+00:00,@Asherlaw SpaceX is expanding launch ops at Canaveral too. Need 2 locations to handle flight rate and avoid weather risk,17
2013-03-08 14:37:27+00:00,"Arrived Austin. Talking with TX House about creating an orbital launch complex near Brownsville, then #SXSW keynote tmrw",409
2013-03-08 14:19:15+00:00,@navidob Pretty much. Couldn't leave the country of Ibsen without doing something cultural!,8
2013-03-08 14:03:12+00:00,Saw a play about Stalin in Norwegian. Like watching mimes with emoticons doing Solzhenitsyn. http://t.co/YsWV6IF3QL,118
2013-03-06 22:49:02+00:00,Am in Oslo to thank the Norwegian customers of @TeslaMotors personally. Highest Model S orders per capita in the world.,113
2013-03-02 20:58:29+00:00,Just received #Dragon docking clearance from @NASA. Will begin orbital maneuvers to Space Station at 11pm Pacific time.,144
2013-03-01 23:28:13+00:00,Would also like to thank @USAirForce for allowing us to use their long range comm system for Dragon in free drift.,89
2013-03-01 23:06:26+00:00,Just want to say thanks to @NASA for being the world's coolest customer. Looking forward to delivering the goods!,235
2013-03-01 22:16:48+00:00,Orbit raising burn successful. Dragon back on track.,220
2013-03-01 21:04:13+00:00,Thruster pods one through four are now operating nominally. Preparing to raise orbit. All systems green.,229
2013-03-01 19:57:04+00:00,Pods 1 and 4 now online and thrusters engaged. Dragon transitioned from free drift to active control. Yes!!,249
2013-03-01 17:01:42+00:00,Attempting bring up of thruster pods 2 and 4,46
2013-03-01 16:49:42+00:00,Solar array deployment successful,235
2013-03-01 16:38:27+00:00,Thruster pod 3 tank pressure trending positive. Preparing to deploy solar arrays.,89
2013-03-01 16:12:21+00:00,About to pass over Australia ground station and command inhibit override,43
2013-03-01 16:04:58+00:00,Holding on solar array deployment until at least two thruster pods are active,47
2013-03-01 15:40:51+00:00,Issue with Dragon thruster pods. System inhibiting three of four from initializing. About to command inhibit override.,78
2013-03-01 15:32:26+00:00,Falcon 9 delivered Dragon to its target orbit. All good on the rocket.,113
2013-03-01 14:49:17+00:00,T minus 22 mins to launch mission 3 to dock with the Space Station http://t.co/TfGUbZSaL3,211
2013-03-01 08:27:14+00:00,Computer glitch found by @SpaceX avionics while bench testing on IM. Couldn't replicate on vehicle. Launch proceeding...,46
2013-03-01 05:29:16+00:00,Launch on track for tomorrow morning at 10:10 am Cape Canaveral time,67
2013-02-27 03:51:40+00:00,"@andrewliebchen @_chrissimmons Exactly. Then no need for clean energy subsidies, as externality is priced into mkt behavior",7
2013-02-27 03:35:59+00:00,"@_ChrisSimmons A carbon tax would affect coal even more than gasoline, so electricity would also become more expensive",6
2013-02-27 02:28:55+00:00,"One often hears that there is no point in a US carbon tax unless China acts. Well, they just did http://t.co/SIp9NzkulK",140
2013-02-26 00:08:07+00:00,"Rocket static fire @SpaceX Cape Canaveral launch pad looks good. Engines generated 433 tons of thrust, parameters nominal.",176
2013-02-25 09:25:00+00:00,"@FaeLoba Best is winning competitions like Formula SAE, design/build/fly or other evidence of exceptional eng ability",7
2013-02-23 04:31:10+00:00,"@EricIdle Cool! Btw, thought you might appreciate that 1st flight of Dragon spacecraft carried a large wheel of cheese :)",20
2013-02-19 23:07:22+00:00,Thanks @CNBC! “@Lebeaucarnews: The Model S delivered what @elonmusk promised. A ride to make you re-think going electric.”,69
2013-02-18 19:25:03+00:00,Appreciate thoughtful @Sulliview article. Faith in @nytimes restored.,44
2013-02-16 01:34:54+00:00,Revolutions don't happen if you just roll over to the powers that be. Got to fight for what you believe. That's why http://t.co/GxkT0LVL,171
2013-02-15 09:01:12+00:00,"Genius move “@cdabel114: @CNN Well, to be fair, they did use the controversial gimmick of actually charging up the car”",46
2013-02-15 01:58:14+00:00,CNN about halfway through East Coast Supercharger test drive of @TeslaMotors Model S w @PeterDrives &amp; @AbigailBassett,27
2013-02-14 22:17:45+00:00,Testing the Model S on a surface of pure ice and snow http://t.co/OeZwXFSv,87
2013-02-11 20:27:16+00:00,"Btw, more free East Coast Superchargers coming soon. Will allow lower initial charge, v high speed trip &amp; long detours, like NYTimes drive.",45
2013-02-11 19:47:10+00:00,"@batasrki Yeah, Top Gear pretended the Tesla Roadster ran out of charge and they had to push it home. Logs showed 50 miles range left.",29
2013-02-11 19:44:06+00:00,@tomleykis Thanks Tom! Support of real Tesla customers like yourself who drive the car every day is v much appreciated.,10
2013-02-11 19:41:29+00:00,"Tesla data logging is only turned on with explicit written permission from customers, but after Top Gear BS, we always keep it on for media.",157
2013-02-11 19:30:14+00:00,"Tesla blog coming soon detailing what actually happened on Broder's NYTimes ""range test"". Also lining up other journalists to do same drive.",88
2013-02-11 19:26:30+00:00,NYTimes article about Tesla range in cold is fake. Vehicle logs tell true story that he didn't actually charge to max &amp; took a long detour.,325
2013-02-10 17:58:01+00:00,"Busted “@TheOnion: Barack Obama: 'Look, I'm Just Going To Say It: I Collect Antique Nazi Memorabilia' http://t.co/KExXRoBL”",64
2013-02-09 13:26:22+00:00,Next Grasshopper rocket test is called the Johnny Cash Hover Slam (yeah baby!). Might be our first smoking crater...,121
2013-02-08 19:24:24+00:00,"SpaceX software engineering is doing an AMA on Reddit   
http://t.co/hwkUwM5v",78
2013-02-08 19:21:31+00:00,Our Great^n Grandfather http://t.co/zxndg3WF,35
2013-02-08 07:18:02+00:00,"No, they are not “@AutoblogGreen: Are electric vehicles really a 'dead end'? @Reuters sure thinks so http://t.co/nwAdCLU2”",54
2013-02-04 07:51:58+00:00,"Wow, 180,000 American killed by other Americans since 9/11 vs only 33 by muslim terrorists
http://t.co/BEdhLqJS",442
2013-02-04 03:06:02+00:00,Great spirit here in the Superdome. Awesome rally by the @49ers!! #SB47,33
2013-02-04 02:12:06+00:00,I love indoor flamethrowers http://t.co/aAnFftoD,622
2013-01-30 03:56:46+00:00,My thoughts on the nature of the issue with the battery pack supplied to Boeing http://t.co/57Y7UyaC,148
2013-01-26 13:31:52+00:00,Desire to help Boeing is real &amp; am corresponding w 787 chief engineer. Junod's Esquire article had high fiction content.,98
2013-01-15 23:54:48+00:00,What it feels like to ride a rocket  http://t.co/b5vhLvqg,113
2013-01-10 17:27:35+00:00,"To be super clear, I don't wish to (nor could I) mandate anything about a Mars Colony. Am just working on the tech to get people there.",89
2013-01-10 08:05:03+00:00,"Also, I am not the kale eating overlord of Mars (altho kale has its moments) http://t.co/nCjMgEjC",55
2013-01-04 18:19:30+00:00,"Nice story about a Model S coast to coast road trip. By end of year, it will be Superchargers all the way! http://t.co/mivPyxrj",63
2013-01-04 03:09:39+00:00,This gives a sense of what Mars would look like after changing the climate to sustain life http://t.co/DT1P5EUp,145
