date and time,content,view count
2023-02-03 23:36:45+00:00,"Thank goodness, the wisdom of the people has prevailed!

I am deeply appreciative of the jury’s unanimous finding of innocence in the Tesla 420 take-private case.",21291146.0
2023-02-03 16:23:48+00:00,"To be eligible, the account must be a subscriber to Twitter Blue Verified",10535887.0
2023-02-03 16:21:49+00:00,"Starting today, Twitter will share ad revenue with creators for ads that appear in their reply threads",57015836.0
2023-02-02 16:44:02+00:00,Congrats Falcon &amp; Starlink teams!,9046404.0
2023-02-02 16:30:44+00:00,"In turbulent economic times, be wary of using margin loans to buy stock",24187139.0
2023-02-02 05:59:12+00:00,This helped identify some issues with the system. Should be addressed by next week.,7303663.0
2023-02-01 06:06:25+00:00,Made my account private until tomorrow morning to test whether you see my private tweets more than my public ones,37049113.0
2023-01-31 20:32:41+00:00,Another batch of Starlinks in orbit. These will mostly support high latitude connectivity.,9389090.0
2023-01-31 20:25:40+00:00,"Hydro, nuclear fission &amp; geothermal will also be significant parts of the solution",6335849.0
2023-01-31 20:17:26+00:00,"Wind &amp; solar, combined with batteries, will solve sustainable energy for Earth",15713308.0
2023-01-31 19:45:27+00:00,"Over time, we expect Giga Nevada to be almost entirely solar-powered",4956984.0
2023-01-31 19:06:27+00:00,"It’s already the biggest battery cell, pack &amp; electric motor factory in Americas",6473432.0
2023-01-31 19:04:49+00:00,What the Tesla Giga Nevada factory will look like when finished. https://t.co/0O5U8jRerQ,19685469.0
2023-01-31 18:59:31+00:00,"Good meeting with @ThierryBreton regarding EU DSA. The goals of transparency, accountability &amp; accuracy of information are aligned with ours.

@CommunityNotes will be transformational for the latter.",6617605.0
2023-01-31 02:54:03+00:00,Just leaving the engine bay of Starship https://t.co/JTnFfNaymh,16751210.0
2023-01-30 03:23:48+00:00,https://t.co/zXeDTL7LFm,44885631.0
2023-01-30 02:40:36+00:00,[thing],6869612.0
2023-01-30 02:40:22+00:00,Resist the current,7464675.0
2023-01-29 19:03:47+00:00,Ω,47670035.0
2023-01-29 18:50:58+00:00,https://t.co/b75ucHAn1w,23263663.0
2023-01-29 18:46:02+00:00,Disingenuous response from Hamilton 68 regarding their fake claims of Russian interference,8993741.0
2023-01-29 00:36:40+00:00,https://t.co/FQWmkUM8yB,25836606.0
